Type,Product,Started Date,Completed Date,Description,Amount,Fee,Currency,State,Balance
Deposit,Current,2019-02-05 13:53:45,,Top-up by *6408,1.00,0.00,EUR,REVERTED,
Deposit,Current,2019-02-05 13:54:09,2019-02-05 13:54:49,Top-up by *6408,40.00,0.00,EUR,COMPLETED,40.00
Transfer,Current,2019-02-14 22:26:20,2019-02-14 22:26:20,Transfer from Fabien Martial Tissot,6.40,0.00,EUR,COMPLETED,46.40
Deposit,Current,2019-02-15 13:03:48,2019-02-15 13:03:48,Payment from M  FAUCOMPRET REMI,100.00,0.00,EUR,COMPLETED,146.40
Transfer,Current,2019-02-16 01:24:15,2019-02-16 01:24:15,Transfer from Fabien Martial Tissot,7.00,0.00,EUR,COMPLETED,153.40
Card Payment,Current,2019-02-16 19:19:56,2019-02-18 22:24:16,Pizza Pasta,-8.50,0.00,EUR,COMPLETED,144.90
Card Payment,Current,2019-02-16 11:30:14,2019-02-18 22:24:17,Vessiere Monplaisir,-13.50,0.00,EUR,COMPLETED,131.40
Card Payment,Current,2019-02-16 17:37:24,2019-02-19 00:58:53,Lpa Direct Depl,-3.00,0.00,EUR,COMPLETED,128.40
Deposit,Current,2019-02-19 12:42:37,2019-02-19 12:42:37,Payment from M  FAUCOMPRET REMI,1000.00,0.00,EUR,COMPLETED,1128.40
Transfer,Current,2019-02-19 20:46:19,2019-02-19 20:46:19,Transfer to Fabien Martial Tissot,-8.00,0.00,EUR,COMPLETED,1120.40
Card Payment,Current,2019-02-17 20:13:25,2019-02-19 22:07:40,McDonald's,-6.20,0.00,EUR,COMPLETED,1114.20
Card Payment,Current,2019-02-17 19:43:30,2019-02-19 22:07:40,McDonald's,-13.30,0.00,EUR,COMPLETED,1100.90
Card Payment,Current,2019-02-18 20:52:33,2019-02-19 23:11:39,WE ARE SPORTS,-8.50,0.00,EUR,COMPLETED,1092.40
Card Payment,Current,2019-02-18 13:22:21,2019-02-20 00:20:47,Vessiere Monplaisir,-11.08,0.00,EUR,COMPLETED,1081.32
Card Payment,Current,2019-02-19 14:38:39,2019-02-20 11:33:39,Carrefour,-84.70,0.00,EUR,COMPLETED,996.62
Card Payment,Current,2019-02-18 10:03:41,2019-02-20 13:29:07,AliExpress,-1.80,0.00,EUR,COMPLETED,994.82
Card Payment,Current,2019-02-18 19:34:58,2019-02-21 11:21:23,PMU,-5.00,0.00,EUR,COMPLETED,989.82
Card Payment,Current,2019-02-21 12:33:07,2019-02-22 12:31:53,Vessiere Monplaisir,-14.47,0.00,EUR,COMPLETED,975.35
Card Payment,Current,2019-02-21 21:13:54,2019-02-22 12:31:54,WE ARE SPORTS,-11.00,0.00,EUR,COMPLETED,964.35
Card Payment,Current,2019-02-21 21:14:24,2019-02-22 12:31:54,WE ARE SPORTS,-5.00,0.00,EUR,COMPLETED,959.35
Transfer,Current,2019-02-22 19:28:26,2019-02-22 19:28:26,Transfer from Fabien Martial Tissot,13.00,0.00,EUR,COMPLETED,972.35
Card Payment,Current,2019-02-22 10:51:33,2019-02-24 09:43:17,AliExpress,-4.25,0.00,EUR,COMPLETED,968.10
Card Payment,Current,2019-02-22 18:58:49,2019-02-25 11:37:43,Vessiere Monplaisir,-28.16,0.00,EUR,COMPLETED,939.94
Card Payment,Current,2019-02-23 15:29:58,2019-02-25 20:02:39,Bakery Harle,-3.20,0.00,EUR,COMPLETED,936.74
Card Payment,Current,2019-02-22 19:09:20,2019-02-25 20:02:39,Marche Plus,-9.42,0.00,EUR,COMPLETED,927.32
Card Payment,Current,2019-02-23 16:53:40,2019-02-25 20:02:39,Vessiere Monplaisir,-3.60,0.00,EUR,COMPLETED,923.72
Card Payment,Current,2019-02-23 16:40:41,2019-02-26 05:16:23,Limlime,-1.21,0.00,EUR,COMPLETED,922.51
Card Payment,Current,2019-02-27 13:51:17,2019-03-01 11:55:23,AliExpress,-7.16,0.00,EUR,COMPLETED,915.35
Card Payment,Current,2019-03-04 15:03:55,,Carrefour,-50.08,0.00,EUR,REVERTED,
Card Payment,Current,2019-03-03 19:19:40,2019-03-05 19:38:11,Limlime,-0.61,0.00,EUR,COMPLETED,914.74
Card Payment,Current,2019-03-03 19:10:44,2019-03-05 19:38:11,Limlime,-0.61,0.00,EUR,COMPLETED,914.13
Card Payment,Current,2019-03-05 20:52:42,2019-03-06 01:38:54,Carrefour,-50.08,0.00,EUR,COMPLETED,864.05
Card Payment,Current,2019-04-01 16:16:17,,Voi Technology,-1.00,0.00,EUR,REVERTED,
Card Payment,Current,2019-03-29 11:23:36,2019-04-02 05:10:45,Euromaster,-104.99,0.00,EUR,COMPLETED,759.06
Card Payment,Current,2019-04-02 19:52:08,2019-04-03 17:58:49,Transport for London,-5.75,0.00,EUR,COMPLETED,753.31
Card Payment,Current,2019-04-02 19:23:51,2019-04-03 17:58:49,Heathrow express,-43.29,0.00,EUR,COMPLETED,710.02
Transfer,Current,2019-04-03 22:15:17,2019-04-03 22:15:17,Transfer to Fabien Martial Tissot,-2.00,0.00,EUR,COMPLETED,708.02
Card Payment,Current,2019-04-02 15:21:26,2019-04-04 11:59:39,Cfta Rhone,-26.70,0.00,EUR,COMPLETED,681.32
Card Payment,Current,2019-04-03 14:18:37,2019-04-04 17:58:09,Subway,-11.25,0.00,EUR,COMPLETED,670.07
Card Payment,Current,2019-04-03 15:00:59,2019-04-04 17:58:09,Transport for London,-5.75,0.00,EUR,COMPLETED,664.32
Card Payment,Current,2019-04-03 09:43:39,2019-04-04 17:58:09,London Taxi Journe,-23.68,0.00,EUR,COMPLETED,640.64
Card Payment,Current,2019-04-03 12:54:49,2019-04-04 17:58:09,Transport for London,-5.75,0.00,EUR,COMPLETED,634.89
Card Payment,Current,2019-04-03 16:42:30,2019-04-04 17:58:10,Heathrow Airport,-2.80,0.00,EUR,COMPLETED,632.09
Card Payment,Current,2019-04-02 20:34:23,2019-04-05 03:41:04,Park Plaza Hotels,-301.34,0.00,EUR,COMPLETED,330.75
Card Payment,Current,2019-04-05 21:22:21,2019-04-08 09:37:51,Bistrot Du 6eme,-29.65,0.00,EUR,COMPLETED,301.10
Card Payment,Current,2019-04-05 14:44:24,2019-04-08 20:24:27,Marche Plus,-7.14,0.00,EUR,COMPLETED,293.96
Card Payment,Current,2019-04-06 16:13:07,2019-04-08 20:24:27,WE ARE SPORTS,-15.00,0.00,EUR,COMPLETED,278.96
Card Payment,Current,2019-04-10 21:33:45,,Voi Technology,-1.00,0.00,EUR,REVERTED,
Transfer,Current,2019-04-12 17:00:31,2019-04-12 17:00:31,Transfer to Fabien Martial Tissot,-10.50,0.00,EUR,COMPLETED,268.46
Transfer,Current,2019-04-12 23:55:37,2019-04-12 23:55:37,Transfer from Fabien Martial Tissot,4.95,0.00,EUR,COMPLETED,273.41
Transfer,Current,2019-04-14 20:11:58,2019-04-14 20:11:58,Transfer from Fabien Martial Tissot,11.50,0.00,EUR,COMPLETED,284.91
Card Payment,Current,2019-04-13 19:51:01,2019-04-15 18:19:09,Carrefour,-42.88,0.00,EUR,COMPLETED,242.03
Transfer,Current,2019-04-26 00:32:14,2019-04-26 00:32:14,Transfer from Fabien Martial Tissot,4.50,0.00,EUR,COMPLETED,246.53
Deposit,Current,2019-04-28 13:09:15,,Top-up by *0947,1.00,0.00,EUR,REVERTED,
Deposit,Current,2019-04-28 13:09:29,2019-04-28 13:10:00,Top-up by *0947,200.00,0.00,EUR,COMPLETED,446.53
Transfer,Current,2019-04-28 21:17:45,2019-04-28 21:17:45,Transfer to Fabien Martial Tissot,-8.00,0.00,EUR,COMPLETED,438.53
Deposit,Current,2019-04-29 12:43:16,2019-04-29 12:43:16,Payment from M  FAUCOMPRET REMI,1000.00,0.00,EUR,COMPLETED,1438.53
Card Payment,Current,2019-04-28 12:54:56,2019-04-30 04:43:25,Transport for London,-58.21,0.00,EUR,COMPLETED,1380.32
Card Refund,Current,2019-05-01 07:46:09,2019-05-01 08:11:34,Refund from Park Plaza Westminster,239.66,0.00,EUR,COMPLETED,1619.98
Card Payment,Current,2019-04-29 12:44:07,2019-05-01 16:33:54,DR Harris & Co Ltd,-54.45,0.00,EUR,COMPLETED,1565.53
ATM,Current,2019-05-20 05:55:46,2019-05-21 23:33:56,Cash withdrawal at Chase,-92.37,0.00,EUR,COMPLETED,1473.16
Card Payment,Current,2019-05-30 20:12:52,2019-06-01 06:39:18,Keolis,-1.90,0.00,EUR,COMPLETED,1471.26
Transfer,Current,2019-06-01 22:00:11,2019-06-01 22:00:11,Transfer from Fabien Martial Tissot,20.10,0.00,EUR,COMPLETED,1491.36
Card Payment,Current,2019-06-01 18:49:11,2019-06-04 09:27:51,Djerba 69,-3.90,0.00,EUR,COMPLETED,1487.46
Card Payment,Current,2019-06-02 09:34:28,2019-06-04 22:31:07,SNCF,-33.20,0.00,EUR,COMPLETED,1454.26
Card Payment,Current,2019-06-02 11:12:11,2019-06-05 02:49:15,WE ARE SPORTS,-15.00,0.00,EUR,COMPLETED,1439.26
Card Payment,Current,2019-06-02 12:47:45,2019-06-05 02:49:15,Les Pralins,-25.00,0.00,EUR,COMPLETED,1414.26
Card Payment,Current,2019-06-02 12:57:29,2019-06-05 08:34:04,Lime,-2.55,0.00,EUR,COMPLETED,1411.71
Card Payment,Current,2019-06-01 21:58:54,2019-06-05 17:34:48,McDonald's,-7.60,0.00,EUR,COMPLETED,1404.11
Card Payment,Current,2019-05-31 19:53:08,2019-06-05 19:59:20,Carrefour,-52.22,0.00,EUR,COMPLETED,1351.89
Card Payment,Current,2019-06-02 19:15:51,2019-06-06 07:21:25,McDonald's,-13.12,0.00,EUR,COMPLETED,1338.77
Card Payment,Current,2019-06-13 10:10:10,2019-06-14 09:22:17,Marks & Spencer,-2.14,0.00,EUR,COMPLETED,1336.63
Card Payment,Current,2019-06-14 14:01:29,2019-06-18 03:35:21,Lahpet,-10.11,0.00,EUR,COMPLETED,1326.52
Card Payment,Current,2019-06-28 15:19:35,2019-07-04 17:37:24,Auto Europe Deutschland GmbH,-57.92,0.00,EUR,COMPLETED,1268.60
Card Payment,Current,2019-07-24 14:55:34,2019-07-25 17:53:21,La Glycine,-176.00,0.00,EUR,COMPLETED,1092.60
Card Payment,Current,2019-08-17 14:08:55,,Patiste,-35.90,0.00,EUR,REVERTED,
Card Payment,Current,2019-08-17 13:56:59,2019-08-20 07:50:45,Carrefour,-14.05,0.00,EUR,COMPLETED,1078.55
ATM,Current,2019-08-17 10:01:07,2019-08-21 01:04:05,Cash withdrawal at Lcl,-100.00,0.00,EUR,COMPLETED,978.55
Card Payment,Current,2019-08-22 10:16:44,2019-08-23 20:10:23,Transport for London,-14.34,0.00,EUR,COMPLETED,964.21
Card Payment,Current,2019-08-23 01:23:27,2019-08-23 20:10:23,The Flying Horse,-50.90,0.00,EUR,COMPLETED,913.31
Card Payment,Current,2019-08-22 21:19:12,2019-08-23 20:10:23,Gotto Trattoria,-35.47,0.00,EUR,COMPLETED,877.84
Card Payment,Current,2019-08-22 18:21:14,2019-08-23 20:10:24,CRATE Brewery & Pizzeria,-5.75,0.00,EUR,COMPLETED,872.09
Card Payment,Current,2019-08-22 19:04:05,2019-08-23 20:10:24,CRATE Brewery & Pizzeria,-5.76,0.00,EUR,COMPLETED,866.33
Card Payment,Current,2019-08-22 15:44:01,2019-08-23 20:10:24,Transport for London,-2.21,0.00,EUR,COMPLETED,864.12
Card Payment,Current,2019-08-24 09:43:30,,Lime,-4.44,0.00,EUR,REVERTED,
Card Payment,Current,2019-08-23 22:48:03,2019-08-25 11:05:14,Lime,-0.55,0.00,EUR,COMPLETED,863.57
Card Payment,Current,2019-08-23 23:07:42,2019-08-25 11:05:14,Lime,-3.20,0.00,EUR,COMPLETED,860.37
Card Payment,Current,2019-08-24 10:08:06,2019-08-26 11:32:05,Lime,-5.27,0.00,EUR,COMPLETED,855.10
Card Payment,Current,2019-08-23 21:59:56,2019-08-28 00:55:18,Tesco,-1.10,0.00,EUR,COMPLETED,854.00
Card Payment,Current,2019-08-23 22:04:53,2019-08-28 01:29:06,Gastronome (europe,-13.79,0.00,EUR,COMPLETED,840.21
Card Payment,Current,2019-08-23 14:02:05,2019-08-28 01:29:06,Dirty Bagels,-10.50,0.00,EUR,COMPLETED,829.71
Card Payment,Current,2019-08-23 21:22:28,2019-08-28 01:29:06,Santander Cycles,-2.21,0.00,EUR,COMPLETED,827.50
Card Payment,Current,2019-08-23 09:25:02,2019-08-28 01:29:06,The Flying Horse,-11.04,0.00,EUR,COMPLETED,816.46
Card Payment,Current,2019-08-24 13:24:25,2019-08-28 02:15:57,Whole Foods,-1.10,0.00,EUR,COMPLETED,815.36
Card Payment,Current,2019-08-24 21:18:36,2019-08-28 02:15:57,Shake Shack,-11.64,0.00,EUR,COMPLETED,803.72
Card Payment,Current,2019-08-24 22:54:11,2019-08-28 03:51:44,McDonald's,-1.10,0.00,EUR,COMPLETED,802.62
Card Payment,Current,2019-08-25 16:21:28,2019-08-28 03:51:44,Tesco,-2.22,0.00,EUR,COMPLETED,800.40
Card Payment,Current,2019-08-24 14:11:02,2019-08-28 03:51:44,Waitrose,-9.15,0.00,EUR,COMPLETED,791.25
Card Payment,Current,2019-08-25 18:21:05,2019-08-28 03:51:44,Marks & Spencer,-6.86,0.00,EUR,COMPLETED,784.39
Card Payment,Current,2019-08-24 10:42:17,2019-08-28 03:51:44,The Surrey Docks,-14.57,0.00,EUR,COMPLETED,769.82
Card Payment,Current,2019-08-24 19:19:45,2019-08-28 03:51:45,Decathlon,-12.17,0.00,EUR,COMPLETED,757.65
Card Payment,Current,2019-08-24 11:58:02,2019-08-28 03:51:45,Transport for London,-7.76,0.00,EUR,COMPLETED,749.89
Card Payment,Current,2019-08-28 01:47:06,2019-08-28 04:29:02,Transport for London,-7.75,0.00,EUR,COMPLETED,742.14
Card Payment,Current,2019-08-25 14:49:06,2019-08-28 04:29:03,The York Roast Co.,-9.43,0.00,EUR,COMPLETED,732.71
Card Payment,Current,2019-08-25 09:52:49,2019-08-28 04:29:03,The Surrey Docks,-17.80,0.00,EUR,COMPLETED,714.91
Card Payment,Current,2019-08-27 03:20:18,2019-08-28 11:27:14,Transport for London,-2.65,0.00,EUR,COMPLETED,712.26
Card Payment,Current,2019-08-26 07:48:01,2019-08-28 11:27:14,Starbucks,-7.00,0.00,EUR,COMPLETED,705.26
Card Payment,Current,2019-09-04 20:03:28,2019-09-06 11:17:20,Lime,-2.51,0.00,EUR,COMPLETED,702.75
Card Payment,Current,2019-09-06 17:09:23,2019-09-08 12:07:39,SNCF,-100.00,0.00,EUR,COMPLETED,602.75
Card Payment,Current,2019-09-15 18:17:57,2019-09-18 06:13:42,Free,-12.00,0.00,EUR,COMPLETED,590.75
Card Payment,Current,2019-09-24 23:08:15,2019-09-26 14:46:50,SNCF,-135.00,0.00,EUR,COMPLETED,455.75
Card Payment,Current,2019-09-25 18:56:01,2019-09-27 16:38:28,SNCF,-15.00,0.00,EUR,COMPLETED,440.75
Card Payment,Current,2019-09-28 19:00:15,,Vélo'v,-1.80,0.00,EUR,REVERTED,
Transfer,Current,2019-09-29 23:25:39,2019-09-29 23:25:39,Transfer from Fabien Martial Tissot,4.00,0.00,EUR,COMPLETED,444.75
Card Payment,Current,2019-09-28 19:00:35,2019-10-01 15:01:12,Vélo'V,-1.80,0.00,EUR,COMPLETED,442.95
Card Payment,Current,2019-10-02 17:10:12,2019-10-06 02:32:15,Air France,-38.62,0.00,EUR,COMPLETED,404.33
Card Payment,Current,2019-10-13 03:41:13,,Grab,-0.16,0.00,EUR,REVERTED,
Card Payment,Current,2019-10-13 17:59:29,,Grab,-1.25,0.00,EUR,REVERTED,
Card Payment,Current,2019-10-14 02:24:02,2019-10-17 23:30:16,Etraveli,-171.11,0.00,EUR,COMPLETED,233.22
Card Payment,Current,2019-10-14 01:38:38,2019-10-18 21:59:35,Grab,-5.96,0.00,EUR,COMPLETED,227.26
Card Payment,Current,2019-10-13 05:48:31,2019-10-21 08:45:33,Grab,-0.31,0.00,EUR,COMPLETED,226.95
Card Payment,Current,2019-10-13 03:58:42,2019-10-21 09:07:15,Grab,-2.50,0.00,EUR,COMPLETED,224.45
Card Payment,Current,2019-10-13 05:50:21,2019-10-21 09:15:44,Grab,-4.35,0.00,EUR,COMPLETED,220.10
Card Payment,Current,2019-10-13 14:41:58,2019-10-21 09:15:44,Grab,-1.19,0.00,EUR,COMPLETED,218.91
Card Payment,Current,2019-10-13 15:03:19,2019-10-21 09:15:44,Grab,-0.31,0.00,EUR,COMPLETED,218.60
Deposit,Current,2019-10-22 12:36:44,2019-10-22 12:36:44,Payment from M  FAUCOMPRET REMI,1000.00,0.00,EUR,COMPLETED,1218.60
Card Payment,Current,2019-10-20 08:41:21,2019-10-23 14:41:17,Grab,-1.48,0.00,EUR,COMPLETED,1217.12
Card Payment,Current,2019-10-20 05:52:16,2019-10-23 14:41:17,Grab,-1.09,0.00,EUR,COMPLETED,1216.03
Card Payment,Current,2019-10-20 06:04:01,2019-10-23 14:41:17,Grab,-1.39,0.00,EUR,COMPLETED,1214.64
Card Payment,Current,2019-10-21 08:28:06,2019-10-24 02:26:56,SERVICE,-2.30,0.00,EUR,COMPLETED,1212.34
Card Payment,Current,2019-10-21 10:13:54,2019-10-24 14:22:36,Starbucks,-3.52,0.00,EUR,COMPLETED,1208.82
Card Payment,Current,2019-10-23 07:25:29,2019-10-25 05:42:05,Motdwaenvr Nonhyundong,-11.50,0.00,EUR,COMPLETED,1197.32
Card Payment,Current,2019-10-22 08:35:05,2019-10-25 05:42:05,uForus,-2.31,0.00,EUR,COMPLETED,1195.01
ATM,Current,2019-10-24 07:33:45,2019-10-25 08:56:47,Cash withdrawal at Jcb Co Ltd,-165.42,0.00,EUR,COMPLETED,1029.59
Card Payment,Current,2019-10-24 00:59:11,2019-10-25 09:46:55,Peach Web,-26.06,0.00,EUR,COMPLETED,1003.53
Card Payment,Current,2019-10-22 03:35:41,2019-10-25 11:44:02,Etraveli,-44.13,0.00,EUR,COMPLETED,959.40
Card Payment,Current,2019-10-24 07:16:50,2019-10-29 03:36:55,Kyoto Station,-5.98,0.00,EUR,COMPLETED,953.42
Card Payment,Current,2019-10-25 04:09:40,2019-10-29 03:36:56,Koudaiji Maedacoffee,-9.12,0.00,EUR,COMPLETED,944.30
Card Payment,Current,2019-10-24 12:45:24,2019-10-29 03:36:56,Bal,-87.30,0.00,EUR,COMPLETED,857.00
Card Payment,Current,2019-10-24 01:49:51,2019-10-30 01:17:27,Coffeeworks 711,-6.46,0.00,EUR,COMPLETED,850.54
Card Payment,Current,2019-10-27 08:48:19,2019-10-31 02:38:06,Webase Hakata,-24.05,0.00,EUR,COMPLETED,826.49
Card Payment,Current,2019-10-27 12:16:51,2019-10-31 23:24:20,Hakata Miyachiku,-126.09,0.00,EUR,COMPLETED,700.40
Card Payment,Current,2019-10-27 23:32:17,2019-11-01 02:08:49,Jieiarukyushukosokusen,-127.66,0.00,EUR,COMPLETED,572.74
Card Payment,Current,2019-10-27 23:50:11,2019-11-01 02:08:49,Cvs New Rabbit,-12.82,0.00,EUR,COMPLETED,559.92
Card Payment,Current,2019-11-01 06:32:10,,Zaika,-60.00,0.00,EUR,REVERTED,
Card Payment,Current,2019-10-29 09:45:59,2019-11-01 14:32:10,agoda.com,-32.08,0.00,EUR,COMPLETED,527.84
Card Payment,Current,2019-10-28 12:05:28,2019-11-01 21:52:46,Hangookmaikdonaldeu(y,-0.54,0.00,EUR,COMPLETED,527.30
Card Payment,Current,2019-10-31 19:35:55,2019-11-03 05:46:41,Live It Up Hostel Asok,-8.18,0.00,EUR,COMPLETED,519.12
Card Payment,Current,2019-10-31 19:16:34,2019-11-03 05:46:41,18 Sukhumvit Rd,-1.48,0.00,EUR,COMPLETED,517.64
Card Payment,Current,2019-11-01 15:10:24,2019-11-03 05:46:41,Bangkok Imax Theatre,-10.51,0.00,EUR,COMPLETED,507.13
Card Payment,Current,2019-10-31 19:14:55,2019-11-03 22:09:53,Grab,-10.31,0.00,EUR,COMPLETED,496.82
Card Payment,Current,2019-11-01 10:31:18,2019-11-03 22:09:53,Grab,-8.09,0.00,EUR,COMPLETED,488.73
Card Payment,Current,2019-11-01 06:23:43,2019-11-03 22:09:53,Grab,-1.29,0.00,EUR,COMPLETED,487.44
Card Payment,Current,2019-11-01 14:29:44,2019-11-03 22:09:54,Grab,-1.81,0.00,EUR,COMPLETED,485.63
Card Payment,Current,2019-11-02 08:18:53,2019-11-04 15:41:19,Grab,-1.37,0.00,EUR,COMPLETED,484.26
Card Payment,Current,2019-11-01 18:41:06,2019-11-04 15:41:19,Grab,-2.08,0.00,EUR,COMPLETED,482.18
Card Payment,Current,2019-11-02 13:18:30,2019-11-05 02:08:25,UNIQLO,-59.32,0.00,EUR,COMPLETED,422.86
Card Payment,Current,2019-11-02 10:11:55,2019-11-05 02:08:25,"2C2P (Thailand) Co., Ltd",-16.42,0.00,EUR,COMPLETED,406.44
Card Payment,Current,2019-11-02 14:03:14,2019-11-05 02:08:25,Lek Massage,-40.71,0.00,EUR,COMPLETED,365.73
Card Payment,Current,2019-11-01 15:40:49,2019-11-05 02:08:25,Siam Concession,-6.90,0.00,EUR,COMPLETED,358.83
Card Payment,Current,2019-11-02 13:43:14,2019-11-05 02:08:25,EmQuartier,-1.98,0.00,EUR,COMPLETED,356.85
Card Payment,Current,2019-11-02 08:55:45,2019-11-05 02:08:26,Paul,-18.73,0.00,EUR,COMPLETED,338.12
Card Payment,Current,2019-11-02 18:02:40,2019-11-06 00:44:17,Grab,-1.43,0.00,EUR,COMPLETED,336.69
Card Payment,Current,2019-10-30 03:47:10,2019-11-06 00:44:17,Jeju-si,-208.38,0.00,EUR,COMPLETED,128.31
Card Payment,Current,2019-11-03 03:43:39,2019-11-06 00:44:18,Grab,-1.13,0.00,EUR,COMPLETED,127.18
Transfer,Current,2019-12-01 22:28:36,2019-12-01 22:28:36,Transfer from Fabien Martial Tissot,4.00,0.00,EUR,COMPLETED,131.18
Deposit,Current,2019-12-02 12:45:18,2019-12-02 12:45:18,Payment from M  FAUCOMPRET REMI,200.00,0.00,EUR,COMPLETED,331.18
Card Payment,Current,2019-11-29 12:52:38,2019-12-03 14:00:06,Marche Plus,-4.38,0.00,EUR,COMPLETED,326.80
Card Payment,Current,2019-11-30 10:56:35,2019-12-03 14:17:39,AREA,-9.50,0.00,EUR,COMPLETED,317.30
Card Payment,Current,2019-11-30 10:05:12,2019-12-03 14:17:39,AREA,-2.00,0.00,EUR,COMPLETED,315.30
Card Payment,Current,2019-12-01 17:16:25,2019-12-03 17:14:52,AREA,-9.50,0.00,EUR,COMPLETED,305.80
Card Payment,Current,2019-12-02 13:52:21,2019-12-05 09:54:12,Sante Dentaire,-38.92,0.00,EUR,COMPLETED,266.88
Card Payment,Current,2019-12-03 12:31:57,2019-12-05 10:02:56,Vessiere Monplaisir,-6.50,0.00,EUR,COMPLETED,260.38
Card Payment,Current,2019-12-03 14:23:02,2019-12-06 00:24:44,Cfta Rhone,-15.20,0.00,EUR,COMPLETED,245.18
Deposit,Current,2019-12-17 12:33:16,2019-12-17 12:33:16,Payment from M  FAUCOMPRET REMI,200.00,0.00,EUR,COMPLETED,445.18
Card Payment,Current,2019-12-16 15:13:41,2019-12-18 08:32:44,Starbucks,-7.36,0.00,EUR,COMPLETED,437.82
Card Payment,Current,2019-12-16 23:13:01,2019-12-18 12:00:49,Selecta,-2.16,0.00,EUR,COMPLETED,435.66
Card Payment,Current,2019-12-16 15:33:56,2019-12-18 21:53:18,Travelodge by Wyndham,-132.86,0.00,EUR,COMPLETED,302.80
Card Payment,Current,2019-12-17 20:06:32,2019-12-18 22:46:10,Subway,-9.98,0.00,EUR,COMPLETED,292.82
Card Payment,Current,2019-12-17 20:16:22,2019-12-18 23:00:02,Selecta,-2.12,0.00,EUR,COMPLETED,290.70
Card Payment,Current,2019-12-16 12:34:18,2019-12-19 01:37:09,Trainline,-21.42,0.00,EUR,COMPLETED,269.28
Card Payment,Current,2019-12-22 17:15:39,2019-12-24 08:11:51,Path? Romandie S?rl,-10.07,0.00,EUR,COMPLETED,259.21
Card Payment,Current,2019-12-22 16:35:36,2019-12-24 08:11:51,Bagelstein,-14.04,0.00,EUR,COMPLETED,245.17
Card Payment,Current,2019-12-23 10:13:19,2019-12-26 05:33:55,BlaBlaCar,-10.00,0.00,EUR,COMPLETED,235.17
Card Payment,Current,2019-12-22 20:20:44,2019-12-26 10:25:49,McDonald's,-29.84,0.00,EUR,COMPLETED,205.33
Card Payment,Current,2019-12-24 10:47:33,2019-12-27 22:59:44,Ikea,-25.23,0.00,EUR,COMPLETED,180.10
Card Payment,Current,2019-12-26 15:41:05,2019-12-28 08:19:15,AliExpress,-5.92,0.00,EUR,COMPLETED,174.18
Transfer,Current,2020-01-04 00:35:04,2020-01-04 00:35:04,Transfer from Fabien Martial Tissot,5.00,0.00,EUR,COMPLETED,179.18
Card Payment,Current,2020-01-02 10:50:54,2020-01-04 01:08:27,Lignes D'Azur,-1.50,0.00,EUR,COMPLETED,177.68
Transfer,Current,2020-01-04 19:42:28,2020-01-04 19:42:28,Transfer from Fabien Martial Tissot,20.50,0.00,EUR,COMPLETED,198.18
Card Payment,Current,2020-01-19 16:19:23,2020-01-21 05:37:43,Lime,-1.60,0.00,EUR,COMPLETED,196.58
Card Payment,Current,2020-01-20 13:22:21,2020-01-22 03:20:57,Khloe Supermercados,-0.65,0.00,EUR,COMPLETED,195.93
Transfer,Current,2020-01-22 10:50:35,2020-01-22 10:50:35,Transfer to PAUL SAMUEL CLAVEL,-35.00,0.00,EUR,COMPLETED,160.93
Transfer,Current,2020-01-27 10:33:41,2020-01-27 15:54:19,International transfer to Louise Lee,-10.10,0.00,EUR,COMPLETED,150.83
Deposit,Current,2020-01-28 12:47:12,2020-01-28 12:47:12,Payment from M  FAUCOMPRET REMI,200.00,0.00,EUR,COMPLETED,350.83
Transfer,Current,2020-03-18 15:09:45,2020-03-18 15:09:45,Transfer from PAUL SAMUEL CLAVEL,45.10,0.00,EUR,COMPLETED,395.93
Card Payment,Current,2020-03-28 17:43:34,,Google Play,-24.99,0.00,EUR,REVERTED,
Card Payment,Current,2020-05-05 18:28:51,2020-05-06 18:21:04,Uber Eats,-9.05,0.00,EUR,COMPLETED,386.88
Transfer,Current,2020-05-08 12:09:23,2020-05-08 15:06:44,International transfer to Louise Lee,-11.43,0.00,EUR,COMPLETED,375.45
Card Payment,Current,2020-05-09 15:29:00,,Google,-1.00,0.00,EUR,REVERTED,
Card Payment,Current,2020-05-09 15:30:46,,Google,-1.00,0.00,EUR,REVERTED,
Card Payment,Current,2020-05-09 15:32:24,,Google,-1.00,0.00,EUR,REVERTED,
Card Payment,Current,2020-05-09 15:40:24,2020-05-10 13:21:46,Google Play,-2.19,0.00,EUR,COMPLETED,373.26
Card Payment,Current,2020-05-11 20:15:11,2020-05-13 16:02:13,Uber Eats,-13.45,0.00,EUR,COMPLETED,359.81
Card Refund,Current,2020-05-20 13:04:25,2020-05-20 21:05:52,Google,5.49,0.00,EUR,COMPLETED,365.30
Card Payment,Current,2020-05-19 20:29:25,2020-05-20 23:05:16,Google,-5.49,0.00,EUR,COMPLETED,359.81
Card Payment,Current,2020-05-19 19:12:08,2020-05-21 13:05:54,Uber Eats,-11.40,0.00,EUR,COMPLETED,348.41
Card Payment,Current,2020-05-20 20:39:57,2020-05-22 14:04:56,Uber Eats,-9.45,0.00,EUR,COMPLETED,338.96
Card Payment,Current,2020-05-24 17:16:25,2020-05-28 00:55:28,Amazon,-29.99,0.00,EUR,COMPLETED,308.97
Card Payment,Current,2020-06-04 18:57:15,2020-06-05 15:30:34,Uber Eats,-10.45,0.00,EUR,COMPLETED,298.52
Card Payment,Current,2020-06-06 19:54:00,2020-06-08 23:48:07,Uber Eats,-8.45,0.00,EUR,COMPLETED,290.07
TEMP_BLOCK,Current,2020-06-09 13:39:20,,To Vas,-10.00,0.00,EUR,REVERTED,
TEMP_BLOCK,Current,2020-06-10 17:02:07,,To Ln Sf Vas,-10.00,0.00,EUR,REVERTED,
Deposit,Current,2020-06-23 12:53:48,2020-06-23 12:53:48,Payment from M  FAUCOMPRET REMI,300.00,0.00,EUR,COMPLETED,590.07
Card Payment,Current,2020-06-22 17:12:34,2020-06-24 14:53:10,Littoral Nautic,-260.00,0.00,EUR,COMPLETED,330.07
Card Payment,Current,2020-06-23 09:32:05,2020-06-25 11:17:52,AliExpress,-10.77,0.00,EUR,COMPLETED,319.30
Card Payment,Current,2020-07-01 13:57:54,2020-07-02 06:14:02,C.d.s.j,-71.80,0.00,EUR,COMPLETED,247.50
Transfer,Current,2020-07-06 19:45:58,2020-07-06 19:45:58,Transfer from Fabien Martial Tissot,5.40,0.00,EUR,COMPLETED,252.90
Card Payment,Current,2020-07-05 21:43:21,2020-07-07 06:14:57,McDonald's,-4.00,0.00,EUR,COMPLETED,248.90
Card Payment,Current,2020-07-06 14:42:16,2020-07-07 09:37:31,Photomaton,-5.00,0.00,EUR,COMPLETED,243.90
Card Payment,Current,2020-07-08 08:25:58,2020-07-09 18:13:15,AliExpress,-6.05,0.00,EUR,COMPLETED,237.85
Card Payment,Current,2020-07-21 12:04:59,,Google,-1.00,0.00,EUR,REVERTED,
Card Payment,Current,2020-07-28 18:03:00,,Lime,-9.94,0.00,EUR,REVERTED,
Card Payment,Current,2020-07-28 18:03:39,2020-07-29 16:00:10,Lime,-2.56,0.00,EUR,COMPLETED,235.29
Card Payment,Current,2020-08-01 16:08:16,2020-08-03 11:26:08,AREA,-1.50,0.00,EUR,COMPLETED,233.79
Card Payment,Current,2020-08-01 15:17:42,2020-08-03 11:26:08,AREA,-6.00,0.00,EUR,COMPLETED,227.79
Card Payment,Current,2020-08-03 08:56:59,2020-08-04 12:00:07,AREA,-9.60,0.00,EUR,COMPLETED,218.19
Card Payment,Current,2020-08-11 12:36:37,,Share Now,-9.70,0.00,EUR,REVERTED,
Card Payment,Current,2020-08-11 12:21:17,2020-08-13 01:19:38,Free2Move,-3.41,0.00,EUR,COMPLETED,214.78
Card Payment,Current,2020-08-11 12:49:56,2020-08-13 04:12:39,Free2Move,-4.34,0.00,EUR,COMPLETED,210.44
Card Payment,Current,2020-08-26 17:37:18,2020-08-29 08:46:12,VanMoof,-0.10,0.00,EUR,COMPLETED,210.34
Card Payment,Current,2020-08-28 20:16:25,2020-08-31 05:44:34,Uber Eats,-10.99,0.00,EUR,COMPLETED,199.35
Card Payment,Current,2020-09-04 15:51:12,2020-09-07 09:58:13,Littoral Nautic,-80.00,0.00,EUR,COMPLETED,119.35
Card Payment,Current,2020-09-07 19:40:55,2020-09-09 09:34:28,Uber Eats,-11.49,0.00,EUR,COMPLETED,107.86
Card Payment,Current,2020-09-08 18:50:03,2020-09-09 09:36:25,Uber Eats,-10.04,0.00,EUR,COMPLETED,97.82
Transfer,Current,2020-10-04 10:29:41,2020-10-04 10:29:41,Transfer from Fabien Martial Tissot,7.00,0.00,EUR,COMPLETED,104.82
Transfer,Current,2020-10-10 13:37:33,2020-10-10 13:37:33,Transfer to Fabien Martial Tissot,-2.50,0.00,EUR,COMPLETED,102.32
Card Payment,Current,2020-10-11 10:10:29,2020-10-12 09:50:20,AliExpress,-4.17,0.00,EUR,COMPLETED,98.15
Transfer,Current,2020-10-14 09:31:45,2020-10-14 09:31:45,Transfer from JULIE MARION AURELIE LEMOINE,12.00,0.00,EUR,COMPLETED,110.15
Card Payment,Current,2020-10-15 17:09:03,2020-10-18 08:01:33,Solyde,-3.10,0.00,EUR,COMPLETED,107.05
Transfer,Current,2020-11-01 23:34:44,2020-11-01 23:34:44,Transfer to Fabien Martial Tissot,-9.00,0.00,EUR,COMPLETED,98.05
Transfer,Current,2020-11-06 05:16:40,2020-11-06 05:16:40,Balance migration to another region or legal entity,-98.05,0.00,EUR,COMPLETED,0.00
Transfer,Current,2020-11-06 05:16:40,2020-11-06 05:16:40,Balance migration to another region or legal entity,98.05,0.00,EUR,COMPLETED,98.05
Card Payment,Current,2020-11-06 19:20:43,2020-11-07 09:34:16,Uber Eats,-43.99,0.00,EUR,COMPLETED,54.06
Transfer,Current,2020-11-15 00:13:11,2020-11-15 00:13:11,Transfer from Fabien Martial Tissot,6.00,0.00,EUR,COMPLETED,60.06
Transfer,Current,2020-11-17 19:08:00,2020-11-17 19:08:00,Transfer to Fabien Martial Tissot,-8.50,0.00,EUR,COMPLETED,51.56
Transfer,Current,2020-11-25 22:03:01,2020-11-25 22:03:01,Transfer from Fabien Martial Tissot,10.00,0.00,EUR,COMPLETED,61.56
TEMP_BLOCK,Current,2020-12-26 17:45:48,,To Nicolas FAUCOMPRET,-1.00,0.00,EUR,REVERTED,
TEMP_BLOCK,Current,2020-12-28 13:41:51,,To Nicolas FAUCOMPRET,-1.00,0.00,EUR,REVERTED,
Transfer,Current,2020-12-28 13:56:49,2020-12-28 13:56:49,Transfer from NICOLAS ROGER SIMON FAUCOMPRET,115.00,0.00,EUR,COMPLETED,176.56
Transfer,Current,2021-01-10 18:42:56,2021-01-10 18:42:56,Transfer to Fabien Martial Tissot,-5.00,0.00,EUR,COMPLETED,171.56
Transfer,Current,2021-01-10 20:18:01,2021-01-10 20:18:01,Transfer from Fabien Martial Tissot,13.40,0.00,EUR,COMPLETED,184.96
Transfer,Current,2021-01-12 20:18:58,2021-01-12 20:18:58,Transfer from Fabien Martial Tissot,6.00,0.00,EUR,COMPLETED,190.96
Transfer,Current,2021-01-15 19:31:18,2021-01-15 19:31:18,Transfer to Fabien Martial Tissot,-19.50,0.00,EUR,COMPLETED,171.46
Transfer,Current,2021-01-18 20:33:00,2021-01-18 20:33:00,Transfer from Fabien Martial Tissot,10.00,0.00,EUR,COMPLETED,181.46
Transfer,Current,2021-02-02 14:00:06,2021-02-02 14:00:06,Transfer to Fabien Martial Tissot,-18.00,0.00,EUR,COMPLETED,163.46
Transfer,Current,2021-02-02 19:21:27,2021-02-02 19:21:27,Transfer to Fabien Martial Tissot,-42.00,0.00,EUR,COMPLETED,121.46
Transfer,Current,2021-02-06 21:18:20,2021-02-06 21:18:20,Transfer from Fabien Martial Tissot,16.00,0.00,EUR,COMPLETED,137.46
Transfer,Current,2021-02-21 11:40:32,2021-02-21 11:40:32,Transfer from NICOLAS ROGER SIMON FAUCOMPRET,50.00,0.00,EUR,COMPLETED,187.46
Transfer,Current,2021-02-21 21:08:37,2021-02-21 21:08:37,Transfer from NICOLAS ROGER SIMON FAUCOMPRET,15.00,0.00,EUR,COMPLETED,202.46
Transfer,Current,2021-02-23 22:34:54,2021-02-23 22:34:54,Transfer from Fabien Martial Tissot,5.00,0.00,EUR,COMPLETED,207.46
Transfer,Current,2021-02-27 19:25:04,2021-02-27 19:25:04,Transfer from Fabien Martial Tissot,5.00,0.00,EUR,COMPLETED,212.46
Transfer,Current,2021-02-27 19:28:40,2021-02-27 19:28:40,Transfer from Fabien Martial Tissot,14.00,0.00,EUR,COMPLETED,226.46
Transfer,Current,2021-03-01 09:01:32,2021-03-01 09:01:32,Transfer from NICOLAS ROGER SIMON FAUCOMPRET,69.99,0.00,EUR,COMPLETED,296.45
Transfer,Current,2021-03-06 23:07:56,2021-03-06 23:07:56,Transfer from Fabien Martial Tissot,11.00,0.00,EUR,COMPLETED,307.45
Card Payment,Current,2021-03-05 16:36:18,2021-03-07 02:09:53,U Express,-4.22,0.00,EUR,COMPLETED,303.23
Transfer,Current,2021-03-08 22:42:02,2021-03-08 22:42:02,Transfer from Fabien Martial Tissot,10.00,0.00,EUR,COMPLETED,313.23
Transfer,Current,2021-03-14 23:08:07,2021-03-14 23:08:07,Transfer from Fabien Martial Tissot,11.00,0.00,EUR,COMPLETED,324.23
Card Payment,Current,2021-04-05 16:40:02,2021-04-06 22:39:46,SNCF,-8.20,0.00,EUR,COMPLETED,316.03
ATM,Current,2021-04-13 19:08:18,2021-04-14 03:12:19,Cash withdrawal at Geldmaat,-260.00,1.20,EUR,COMPLETED,54.83
Transfer,Current,2021-04-28 11:15:25,2021-04-28 11:15:25,Transfer to Fabien Martial Tissot,-4.20,0.00,EUR,COMPLETED,50.63
Transfer,Current,2021-05-04 18:45:30,2021-05-04 18:45:30,Transfer to Fabien Martial Tissot,-28.50,0.00,EUR,COMPLETED,22.13
Deposit,Current,2021-05-05 08:32:38,2021-05-05 08:32:38,Payment from M  FAUCOMPRET REMI,100.00,0.00,EUR,COMPLETED,122.13
Transfer,Current,2021-05-09 21:59:52,2021-05-09 21:59:52,Transfer from Fabien Martial Tissot,10.00,0.00,EUR,COMPLETED,132.13
Transfer,Current,2021-05-27 21:02:50,2021-05-27 21:02:50,Transfer to Fabien Martial Tissot,-26.98,0.00,EUR,COMPLETED,105.15
Transfer,Current,2021-06-07 11:09:04,2021-06-07 11:09:04,Transfer from JULIE MARION AURELIE LEMOINE,8.00,0.00,EUR,COMPLETED,113.15
Transfer,Current,2021-06-09 20:27:09,2021-06-09 20:27:09,Transfer from Fabien Martial Tissot,8.00,0.00,EUR,COMPLETED,121.15
Transfer,Current,2021-06-10 18:59:37,2021-06-10 18:59:37,Transfer to Fabien Martial Tissot,-6.00,0.00,EUR,COMPLETED,115.15
Transfer,Current,2021-06-11 20:58:31,2021-06-11 20:58:31,Transfer from JULIE MARION AURELIE LEMOINE,5.00,0.00,EUR,COMPLETED,120.15
Card Payment,Current,2021-07-11 02:06:49,2021-07-11 03:24:31,AREA,-2.10,0.00,EUR,COMPLETED,118.05
Transfer,Current,2021-07-11 20:35:32,2021-07-11 20:35:32,Transfer from NICOLAS ROGER SIMON FAUCOMPRET,50.00,0.00,EUR,COMPLETED,168.05
Card Payment,Current,2021-07-22 11:58:40,2021-07-23 07:04:36,Vessiere Monplaisir,-5.89,0.00,EUR,COMPLETED,162.16
Deposit,Current,2021-07-24 15:02:26,2021-07-24 15:02:26,Payment from M  FAUCOMPRET REMI,200.00,0.00,EUR,COMPLETED,362.16
Card Payment,Current,2021-07-25 02:02:10,2021-07-26 13:14:10,Rappi,-1.71,0.00,EUR,COMPLETED,360.45
Card Payment,Current,2021-07-24 16:21:32,2021-07-26 13:14:10,Azahar Café 93,-1.22,0.00,EUR,COMPLETED,359.23
Card Payment,Current,2021-07-24 21:31:40,2021-07-26 13:14:10,Le Pain Quotidien,-12.89,0.00,EUR,COMPLETED,346.34
Card Payment,Current,2021-07-24 21:42:33,2021-07-26 13:14:10,Cl. 93 #17-12,-0.51,0.00,EUR,COMPLETED,345.83
Card Payment,Current,2021-07-24 15:46:09,2021-07-26 13:14:10,Dr Cruz Verde Rincon D,-2.80,0.00,EUR,COMPLETED,343.03
Card Payment,Current,2021-07-25 17:17:05,2021-07-26 13:14:10,Uber,-1.26,0.00,EUR,COMPLETED,341.77
ATM,Current,2021-07-24 15:35:12,2021-07-26 13:14:10,Cash withdrawal at Gan1 0417centro,-66.31,0.00,EUR,COMPLETED,275.46
Card Refund,Current,2021-07-26 11:30:21,2021-07-26 13:14:10,Rappi,1.68,0.00,EUR,COMPLETED,277.14
Card Payment,Current,2021-07-25 18:48:51,2021-07-26 16:59:42,Uber,-1.26,0.00,EUR,COMPLETED,275.88
Card Payment,Current,2021-07-25 00:24:00,2021-07-26 18:09:23,Uber,-1.22,0.00,EUR,COMPLETED,274.66
Card Payment,Current,2021-07-25 18:45:06,2021-07-26 19:03:43,Bogothai Corporation,-32.94,0.00,EUR,COMPLETED,241.72
Card Payment,Current,2021-07-25 21:18:27,2021-07-26 19:03:43,Bagatelle Parque 93,-14.96,0.00,EUR,COMPLETED,226.76
Card Payment,Current,2021-07-25 16:00:53,2021-07-26 19:03:43,Colo Coffee,-1.10,0.00,EUR,COMPLETED,225.66
Card Payment,Current,2021-07-26 18:47:42,2021-07-27 13:17:03,Cl. 93b ##12-10,-11.81,0.00,EUR,COMPLETED,213.85
Card Payment,Current,2021-07-26 21:13:46,2021-07-27 13:17:03,Oxxo Torre Cien,-2.60,0.00,EUR,COMPLETED,211.25
Card Payment,Current,2021-07-27 17:13:34,,Uber,-15.22,0.00,EUR,REVERTED,
Card Payment,Current,2021-07-27 18:39:07,2021-07-28 15:17:04,McDonald's,-10.56,0.00,EUR,COMPLETED,200.69
Card Payment,Current,2021-07-28 02:21:18,2021-07-28 15:17:05,Tostao Cafe Y Pan Merc,-1.79,0.00,EUR,COMPLETED,198.90
Card Payment,Current,2021-07-28 01:32:28,2021-07-28 15:17:05,Drog Cruz Verde Cross,-6.70,0.00,EUR,COMPLETED,192.20
Card Payment,Current,2021-07-27 19:52:22,2021-07-28 15:17:05,Panamericana,-1.64,0.00,EUR,COMPLETED,190.56
Card Payment,Current,2021-07-28 13:53:03,2021-07-29 03:44:31,Uber,-2.95,0.00,EUR,COMPLETED,187.61
Card Payment,Current,2021-07-28 03:49:12,2021-07-29 06:52:18,Uber,-1.38,0.00,EUR,COMPLETED,186.23
Card Payment,Current,2021-07-28 23:12:19,2021-07-29 06:52:18,Uber,-3.65,0.00,EUR,COMPLETED,182.58
Card Payment,Current,2021-07-27 21:31:39,2021-07-29 06:52:18,Uber,-1.29,0.00,EUR,COMPLETED,181.29
Card Payment,Current,2021-07-29 05:20:56,2021-07-29 13:11:11,Alambique,-13.69,0.00,EUR,COMPLETED,167.60
Deposit,Current,2021-07-29 13:22:54,2021-07-29 13:22:54,Payment from M  FAUCOMPRET REMI,300.00,0.00,EUR,COMPLETED,467.60
Card Payment,Current,2021-07-29 21:06:00,,Uber,-5.23,0.00,EUR,REVERTED,
Card Payment,Current,2021-07-30 01:48:09,,Uber,-3.05,0.00,EUR,REVERTED,
Card Payment,Current,2021-07-29 16:33:38,2021-07-30 07:01:24,Uber,-1.34,0.00,EUR,COMPLETED,466.26
Card Payment,Current,2021-07-29 21:10:30,2021-07-30 07:01:24,Uber,-4.82,0.00,EUR,COMPLETED,461.44
Card Payment,Current,2021-07-30 01:24:11,2021-07-30 07:01:25,Uber,-2.50,0.00,EUR,COMPLETED,458.94
Card Payment,Current,2021-07-30 05:22:56,2021-07-30 08:56:51,Uber,-2.68,0.00,EUR,COMPLETED,456.26
Card Payment,Current,2021-07-30 03:30:46,2021-07-30 12:49:44,Supermercados Jumbo C.C Santa Fe,-5.80,0.00,EUR,COMPLETED,450.46
Card Payment,Current,2021-07-30 14:46:39,,Uber,-2.78,0.00,EUR,REVERTED,
Card Payment,Current,2021-07-30 14:47:12,,Uber,-3.44,0.00,EUR,REVERTED,
Card Payment,Current,2021-07-30 14:50:12,2021-08-01 01:43:18,Uber,-2.81,0.00,EUR,COMPLETED,447.65
ATM,Current,2021-07-30 19:51:26,2021-08-01 01:43:18,Cash withdrawal at Gan1 0436cc San,-65.30,0.00,EUR,COMPLETED,382.35
Card Payment,Current,2021-07-30 18:11:33,2021-08-01 02:07:25,Uber,-6.61,0.00,EUR,COMPLETED,375.74
Card Payment,Current,2021-07-30 03:02:57,2021-08-01 02:07:25,Uber,-1.34,0.00,EUR,COMPLETED,374.40
Card Payment,Current,2021-07-30 01:51:01,2021-08-01 02:07:25,Uber,-3.11,0.00,EUR,COMPLETED,371.29
Card Payment,Current,2021-07-30 20:42:36,2021-08-01 03:13:58,Tabacos Y Licores,-0.66,0.00,EUR,COMPLETED,370.63
Card Payment,Current,2021-08-01 01:46:38,2021-08-02 12:30:27,Natural Light Carulla,-5.56,0.00,EUR,COMPLETED,365.07
Card Payment,Current,2021-07-31 19:28:54,2021-08-02 12:30:28,El Palacio De Las Flor,-12.09,0.00,EUR,COMPLETED,352.98
Card Payment,Current,2021-08-01 01:53:06,2021-08-02 12:30:28,Carulla Alhambra,-0.73,0.00,EUR,COMPLETED,352.25
Card Payment,Current,2021-07-31 19:12:28,2021-08-02 12:30:28,Canasto Picnic Bistrò,-7.11,0.00,EUR,COMPLETED,345.14
Card Payment,Current,2021-08-01 23:58:49,2021-08-02 20:46:34,Tienda D1 Filandia,-6.70,0.00,EUR,COMPLETED,338.44
Card Payment,Current,2021-08-02 23:26:36,2021-08-04 02:12:09,La Tienda De Los Mecat,-3.04,0.00,EUR,COMPLETED,335.40
Card Payment,Current,2021-08-04 01:08:08,2021-08-04 15:17:25,Somevi Pizza,-10.85,0.00,EUR,COMPLETED,324.55
Card Payment,Current,2021-08-04 01:40:58,2021-08-04 15:17:25,Variedades M Salento,-5.40,0.00,EUR,COMPLETED,319.15
Card Payment,Current,2021-08-04 21:09:46,2021-08-05 15:13:32,Zuleta Arias Wilson,-4.98,0.00,EUR,COMPLETED,314.17
Card Payment,Current,2021-08-05 00:47:09,2021-08-05 15:13:32,Eds Reencafe,-11.17,0.00,EUR,COMPLETED,303.00
Card Payment,Current,2021-08-04 22:20:48,2021-08-05 15:13:32,Kanasu,-50.73,0.00,EUR,COMPLETED,252.27
Card Payment,Current,2021-08-04 23:16:09,2021-08-05 15:13:32,Sr Wok Parque Arboleda,-7.89,0.00,EUR,COMPLETED,244.38
Card Payment,Current,2021-08-04 23:28:48,2021-08-05 15:13:32,Sr Wok Parque Arboleda,-2.37,0.00,EUR,COMPLETED,242.01
Deposit,Current,2021-08-06 01:50:30,2021-08-06 01:50:30,Payment from M  FAUCOMPRET REMI,300.00,0.00,EUR,COMPLETED,542.01
Card Payment,Current,2021-08-05 03:25:02,2021-08-06 08:51:13,Uber,-1.75,0.00,EUR,COMPLETED,540.26
Card Payment,Current,2021-08-06 05:54:54,2021-08-08 03:08:39,Sala De Leo Y Laura,-229.42,0.00,EUR,COMPLETED,310.84
ATM,Current,2021-08-07 00:07:37,2021-08-09 08:04:17,Cash withdrawal at Gan1 0317world,-64.40,0.00,EUR,COMPLETED,246.44
ATM,Current,2021-08-07 00:08:33,2021-08-09 08:04:17,Cash withdrawal at Gan1 0317world,-64.40,0.00,EUR,COMPLETED,182.04
Deposit,Current,2021-08-09 17:54:54,2021-08-09 17:54:54,Payment from M  FAUCOMPRET REMI,200.00,0.00,EUR,COMPLETED,382.04
Card Payment,Current,2021-08-09 17:54:02,2021-08-10 12:41:15,Hotel Almirante C,-74.36,0.00,EUR,COMPLETED,307.68
Card Payment,Current,2021-08-10 03:51:11,2021-08-10 12:41:15,Rosa Mezcal Taqueria,-26.25,0.00,EUR,COMPLETED,281.43
Card Payment,Current,2021-08-10 02:29:41,2021-08-11 07:18:47,Uber,-1.48,0.00,EUR,COMPLETED,279.95
Card Payment,Current,2021-08-10 04:45:49,2021-08-11 07:18:47,Uber,-1.76,0.00,EUR,COMPLETED,278.19
Card Payment,Current,2021-08-11 16:06:31,2021-08-12 08:44:29,Uber,-8.36,0.00,EUR,COMPLETED,269.83
Card Payment,Current,2021-08-11 16:16:32,2021-08-12 12:40:38,The Fit Bar Cafe,-7.00,0.00,EUR,COMPLETED,262.83
Card Payment,Current,2021-08-12 01:34:07,2021-08-12 12:40:38,Carulla FreshMarket,-15.86,0.00,EUR,COMPLETED,246.97
Card Payment,Current,2021-08-12 03:05:33,2021-08-12 12:40:38,Carulla FreshMarket,-1.55,0.00,EUR,COMPLETED,245.42
Card Payment,Current,2021-08-12 00:26:15,2021-08-12 12:40:38,Koyomad,-3.10,0.00,EUR,COMPLETED,242.32
Card Payment,Current,2021-08-12 22:13:27,,Uber,-1.24,0.00,EUR,REVERTED,
Card Payment,Current,2021-08-12 22:27:18,2021-08-13 02:39:37,Uber,-1.31,0.00,EUR,COMPLETED,241.01
Card Payment,Current,2021-08-13 00:08:40,2021-08-13 13:26:57,Steren Colombia,-7.72,0.00,EUR,COMPLETED,233.29
Card Payment,Current,2021-08-13 22:05:07,,Uber,-1.21,0.00,EUR,REVERTED,
Card Payment,Current,2021-08-13 22:16:57,,Uber,-1.12,0.00,EUR,REVERTED,
Card Payment,Current,2021-08-13 22:36:37,,Uber,-1.12,0.00,EUR,REVERTED,
Card Payment,Current,2021-08-14 00:12:59,,Uber,-1.12,0.00,EUR,REVERTED,
Card Payment,Current,2021-08-15 03:27:50,,Uber,-1.20,0.00,EUR,REVERTED,
Card Payment,Current,2021-08-15 00:53:40,2021-08-16 09:42:21,Teresa Pone La Mesa,-7.20,0.00,EUR,COMPLETED,226.09
Card Payment,Current,2021-08-15 00:05:25,2021-08-16 17:26:33,Uber,-1.00,0.00,EUR,COMPLETED,225.09
Card Payment,Current,2021-08-15 00:57:41,2021-08-16 17:26:33,Uber,-1.00,0.00,EUR,COMPLETED,224.09
Card Payment,Current,2021-08-15 06:11:42,2021-08-16 17:26:33,Uber,-1.13,0.00,EUR,COMPLETED,222.96
Card Payment,Current,2021-08-16 21:51:43,2021-08-17 06:59:42,Uber,-6.72,0.00,EUR,COMPLETED,216.24
TEMP_BLOCK,Current,2021-08-17 21:42:56,,To sylvie faucompret,-6.00,0.00,EUR,REVERTED,
Transfer,Current,2021-08-23 09:52:41,2021-08-23 09:52:41,Transfer to SYLVIE GENEVIEVE YVONNE PEYRE,-6.00,0.00,EUR,COMPLETED,210.24
Transfer,Current,2021-08-23 13:22:14,2021-08-23 13:22:15,Transfer from JULIE MARION AURELIE LEMOINE,6.00,0.00,EUR,COMPLETED,216.24
Card Payment,Current,2021-08-24 10:13:17,2021-08-25 11:50:13,AREA,-2.10,0.00,EUR,COMPLETED,214.14
Transfer,Current,2021-08-26 14:59:28,2021-08-26 14:59:28,Transfer to SYLVIE GENEVIEVE YVONNE PEYRE,-84.00,0.00,EUR,COMPLETED,130.14
Card Payment,Current,2021-08-26 20:21:00,2021-08-27 07:28:23,Uber,-9.99,0.00,EUR,COMPLETED,120.15
Card Payment,Current,2021-08-27 08:40:18,2021-08-29 02:06:59,Uber,-34.26,0.00,EUR,COMPLETED,85.89
Card Payment,Current,2021-08-27 02:10:03,2021-08-29 02:36:29,Uber,-40.61,0.00,EUR,COMPLETED,45.28
Card Refund,Current,2021-08-28 02:00:00,2021-08-29 02:36:29,Uber,9.99,0.00,EUR,COMPLETED,55.27
Transfer,Current,2021-09-03 13:11:19,2021-09-03 13:11:19,Transfer from SYLVIE GENEVIEVE YVONNE PEYRE,25.00,0.00,EUR,COMPLETED,80.27
Transfer,Current,2021-09-04 07:47:06,2021-09-04 07:47:06,Transfer from SYLVIE GENEVIEVE YVONNE PEYRE,30.00,0.00,EUR,COMPLETED,110.27
Card Payment,Current,2021-09-03 14:15:15,2021-09-06 06:09:17,Uber,-34.04,0.00,EUR,COMPLETED,76.23
Card Payment,Current,2021-09-04 20:00:16,2021-09-07 04:31:50,Uber Eats,-13.32,0.00,EUR,COMPLETED,62.91
Card Payment,Current,2021-09-06 17:53:33,2021-09-08 17:28:46,FDJ,-25.00,0.00,EUR,COMPLETED,37.91
Card Payment,Current,2021-09-21 19:40:34,2021-09-22 07:04:40,U Express,-16.29,0.00,EUR,COMPLETED,21.62
Transfer,Current,2021-10-09 18:49:48,2021-10-09 18:49:48,Transfer from Fabien Martial Tissot,10.00,0.00,EUR,COMPLETED,31.62
Transfer,Current,2021-10-10 19:50:52,2021-10-10 19:50:52,Transfer from SYLVIE GENEVIEVE YVONNE PEYRE,150.00,0.00,EUR,COMPLETED,181.62
Card Payment,Current,2021-10-16 11:32:31,2021-10-18 10:22:19,Pharmacie Herboristerie Grange Blanche,-3.67,0.00,EUR,COMPLETED,177.95
Transfer,Current,2021-10-25 21:54:35,2021-10-25 21:54:36,Transfer from Fabien Martial Tissot,10.00,0.00,EUR,COMPLETED,187.95
Card Payment,Current,2021-10-26 15:17:40,,Véloblue,-0.99,0.00,EUR,REVERTED,
Card Payment,Current,2021-10-27 13:03:32,2021-10-28 13:09:03,Gul,-11.00,0.00,EUR,COMPLETED,176.95
Transfer,Current,2021-10-31 02:13:45,2021-10-31 02:13:45,Transfer to Fabien Martial Tissot,-36.00,0.00,EUR,COMPLETED,140.95
Card Payment,Current,2021-11-01 11:32:10,2021-11-02 15:15:35,Total Petrol Station Access,-39.98,0.00,EUR,COMPLETED,100.97
Transfer,Current,2021-11-05 11:59:35,2021-11-05 11:59:36,Transfer from SYLVIE GENEVIEVE YVONNE PEYRE,145.00,0.00,EUR,COMPLETED,245.97
Transfer,Current,2021-11-05 15:51:39,2021-11-05 15:51:39,Transfer to Fabien Martial Tissot,-130.00,0.00,EUR,COMPLETED,115.97
Card Payment,Current,2021-11-10 18:44:04,2021-11-11 08:18:27,Deliveroo,-16.95,0.00,EUR,COMPLETED,99.02
Transfer,Current,2021-11-14 16:17:32,2021-11-14 16:17:32,Transfer to Fabien Martial Tissot,-23.00,0.00,EUR,COMPLETED,76.02
Transfer,Current,2021-11-19 13:36:05,2021-11-19 13:36:05,Transfer from SYLVIE GENEVIEVE YVONNE PEYRE,150.00,0.00,EUR,COMPLETED,226.02
Transfer,Current,2021-11-19 13:37:24,2021-11-19 13:37:24,Transfer from NICOLAS ROGER SIMON FAUCOMPRET,100.00,0.00,EUR,COMPLETED,326.02
Card Payment,Current,2021-11-24 18:39:01,2021-11-26 07:03:07,Paris-Charles de Gaulle Terminal 2F,-8.90,0.00,EUR,COMPLETED,317.12
Transfer,Current,2021-12-15 17:29:24,2021-12-15 17:29:25,Transfer from SYLVIE GENEVIEVE YVONNE PEYRE,463.11,0.00,EUR,COMPLETED,780.23
Transfer,Current,2022-01-02 10:47:16,2022-01-02 10:47:16,Transfer from Fabien Martial Tissot,18.50,0.00,EUR,COMPLETED,798.73
Transfer,Current,2022-01-07 09:34:30,2022-01-07 09:34:30,Transfer to SYLVIE GENEVIEVE YVONNE PEYRE,-400.00,0.00,EUR,COMPLETED,398.73
Transfer,Current,2022-01-07 19:29:25,2022-01-07 19:29:25,Transfer from SYLVIE GENEVIEVE YVONNE PEYRE,28.00,0.00,EUR,COMPLETED,426.73
Transfer,Current,2022-01-08 13:39:33,2022-01-08 13:39:33,Transfer from SYLVIE GENEVIEVE YVONNE PEYRE,60.00,0.00,EUR,COMPLETED,486.73
Transfer,Current,2022-01-08 18:31:07,2022-01-08 18:31:07,Transfer from Fabien Martial Tissot,18.50,0.00,EUR,COMPLETED,505.23
Card Payment,Current,2022-01-11 08:48:40,,LinkedIn,-1.00,0.00,EUR,REVERTED,
Card Payment,Current,2022-01-21 18:18:58,2022-01-22 13:54:26,Google Svcsgns.3388 1088,-49.99,0.00,EUR,COMPLETED,455.24
Transfer,Current,2022-01-25 15:36:35,2022-01-25 15:36:35,Transfer to JULIE MARION AURELIE LEMOINE,-15.00,0.00,EUR,COMPLETED,440.24
Transfer,Current,2022-01-28 18:05:24,2022-01-28 18:05:25,Transfer from SYLVIE GENEVIEVE YVONNE PEYRE,70.00,0.00,EUR,COMPLETED,510.24
Card Payment,Current,2022-01-28 13:31:04,2022-01-29 08:31:20,Vessiere Monplaisir,-2.95,0.00,EUR,COMPLETED,507.29
Card Payment,Current,2022-01-29 13:13:57,2022-02-01 14:53:25,Woko Confluence,-19.00,0.00,EUR,COMPLETED,488.29
Card Payment,Current,2022-01-29 12:37:43,2022-02-01 14:53:25,Parking LPA - St Georges,-0.65,0.00,EUR,COMPLETED,487.64
Card Payment,Current,2022-02-01 22:11:17,2022-02-02 09:08:52,Couchsurfing,-2.15,0.00,EUR,COMPLETED,485.49
Card Payment,Current,2022-02-05 15:49:44,2022-02-07 21:56:06,jet2.com,-37.25,0.37,EUR,COMPLETED,447.87
Card Payment,Current,2022-02-13 14:12:27,2022-02-15 07:20:47,Commune De Perouges,-2.00,0.00,EUR,COMPLETED,445.87
Transfer,Current,2022-02-17 12:25:32,2022-02-17 12:25:32,Transfer from Fabien Martial Tissot,26.00,0.00,EUR,COMPLETED,471.87
Transfer,Current,2022-02-20 17:25:02,2022-02-20 17:25:03,Transfer from Fabien Martial Tissot,45.00,0.00,EUR,COMPLETED,516.87
Transfer,Current,2022-02-20 19:36:48,2022-02-20 19:36:48,Transfer to Fabien Martial Tissot,-23.60,0.00,EUR,COMPLETED,493.27
Card Payment,Current,2022-02-28 18:14:57,2022-03-01 08:06:33,Uber,-39.59,0.00,EUR,COMPLETED,453.68
Card Payment,Current,2022-03-01 23:11:44,2022-03-02 06:42:09,Couchsurfing,-2.15,0.00,EUR,COMPLETED,451.53
Transfer,Current,2022-03-06 17:57:07,2022-03-06 17:57:07,Transfer from SYLVIE GENEVIEVE YVONNE PEYRE,39.00,0.00,EUR,COMPLETED,490.53
Card Payment,Current,2022-03-17 09:30:03,2022-03-18 07:10:39,Uber,-37.27,0.00,EUR,COMPLETED,453.26
Transfer,Current,2022-03-20 18:56:59,2022-03-20 18:56:59,Transfer from MARGARITA ROSA PERILLA GARCIA,26.00,0.00,EUR,COMPLETED,479.26
Card Payment,Current,2022-03-20 14:55:29,2022-03-21 01:16:43,Google,-10.85,0.11,EUR,COMPLETED,468.30
Transfer,Current,2022-04-05 05:16:26,2022-04-05 05:16:26,Transfer to Fabien Martial Tissot,-18.00,0.00,EUR,COMPLETED,450.30
Card Payment,Current,2022-04-24 16:29:16,2022-04-25 02:45:02,Google Couchsurfing,-3.03,0.03,EUR,COMPLETED,447.24
Transfer,Current,2022-04-26 13:08:02,2022-04-26 13:08:02,Transfer to MARGARITA ROSA PERILLA GARCIA,-62.00,0.00,EUR,COMPLETED,385.24
Card Payment,Current,2022-04-26 17:47:16,2022-04-28 12:00:36,SEVICI,-3.59,0.00,EUR,COMPLETED,381.65
Card Payment,Current,2022-04-26 17:50:02,2022-04-28 12:00:36,SEVICI,-2.59,0.00,EUR,COMPLETED,379.06
Card Payment,Current,2022-05-01 14:05:40,,RideMovi,-1.00,0.00,EUR,REVERTED,
Card Payment,Current,2022-05-01 14:05:45,,RideMovi,-1.00,0.00,EUR,REVERTED,
Transfer,Current,2022-05-02 10:53:31,2022-05-02 10:53:31,Transfer from MARGARITA ROSA PERILLA GARCIA,62.00,0.00,EUR,COMPLETED,441.06
Transfer,Current,2022-05-28 10:16:31,2022-05-28 10:16:32,Transfer to NICOLAS ROGER SIMON FAUCOMPRET,-7.00,0.00,EUR,COMPLETED,434.06
Transfer,Current,2022-05-28 10:59:41,2022-05-28 10:59:41,Transfer from NICOLAS ROGER SIMON FAUCOMPRET,13.00,0.00,EUR,COMPLETED,447.06
Card Payment,Current,2022-06-07 13:56:55,,Amazon Web Services,-0.94,0.00,EUR,REVERTED,
Card Payment,Current,2022-06-22 06:10:59,2022-06-23 21:42:03,Bolt,-8.90,0.00,EUR,COMPLETED,438.16
Transfer,Current,2022-07-02 16:59:36,2022-07-02 16:59:36,Revolut Payments UAB,-20.00,0.00,EUR,COMPLETED,418.16
Transfer,Current,2022-07-03 08:01:14,2022-07-03 08:01:14,Revolut Payments UAB,-40.00,0.00,EUR,COMPLETED,378.16
Transfer,Current,2022-07-04 11:14:19,2022-07-04 11:14:19,Revolut Payments UAB,-63.00,0.00,EUR,COMPLETED,315.16
Transfer,Current,2022-07-15 00:53:20,2022-07-15 00:53:20,Balance migration to another region or legal entity,-315.16,0.00,EUR,COMPLETED,0.00
Transfer,Current,2022-07-15 00:53:20,2022-07-15 00:53:20,Balance migration to another region or legal entity,315.16,0.00,EUR,COMPLETED,315.16
Transfer,Current,2022-07-16 17:16:24,2022-07-16 17:16:24,Revolut Bank UAB,45.00,0.00,EUR,COMPLETED,360.16
Transfer,Current,2022-07-17 15:24:20,2022-07-17 15:24:20,Revolut Bank UAB,60.00,0.00,EUR,COMPLETED,420.16
Transfer,Current,2022-07-18 12:49:40,2022-07-18 12:49:49,Revolut Bank UAB,24.00,0.00,EUR,COMPLETED,444.16
Card Payment,Current,2022-07-20 17:13:33,2022-07-22 09:50:15,Solyde,-11.46,0.00,EUR,COMPLETED,432.70
Transfer,Current,2022-07-26 16:48:52,2022-07-26 16:48:52,Revolut Bank UAB,-97.00,0.00,EUR,COMPLETED,335.70
Transfer,Current,2022-07-26 16:52:52,2022-07-26 16:52:52,Revolut Bank UAB,90.00,0.00,EUR,COMPLETED,425.70
Transfer,Current,2022-07-28 21:04:30,2022-07-28 21:04:30,Revolut Bank UAB,-80.00,0.00,EUR,COMPLETED,345.70
Transfer,Current,2022-08-01 11:20:29,2022-08-01 11:20:33,Revolut Bank UAB,-60.00,0.00,EUR,COMPLETED,285.70
Transfer,Current,2022-08-02 20:05:22,2022-08-02 20:05:22,Revolut Bank UAB,43.00,0.00,EUR,COMPLETED,328.70
Card Payment,Current,2022-08-03 18:13:12,2022-08-04 10:48:49,Google,-14.99,0.00,EUR,COMPLETED,313.71
Card Payment,Current,2022-08-17 13:31:14,2022-08-18 03:00:26,Bolt,-5.40,0.00,EUR,COMPLETED,308.31
Card Payment,Current,2022-08-21 20:17:18,2022-08-22 11:38:56,Roc31579esso2,-19.99,0.00,EUR,COMPLETED,288.32
Card Payment,Current,2022-08-22 14:34:47,2022-08-24 12:05:04,Lidl,-85.69,0.00,EUR,COMPLETED,202.63
Transfer,Current,2022-08-29 09:19:21,2022-08-29 09:19:21,Revolut Bank UAB,19.50,0.00,EUR,COMPLETED,222.13
Card Payment,Current,2022-08-29 09:24:49,2022-08-30 13:48:15,Mermoz Santy,-10.49,0.00,EUR,COMPLETED,211.64
Card Payment,Current,2022-09-01 11:30:37,2022-09-03 10:58:41,Relais Lyon Berliet,-65.93,0.00,EUR,COMPLETED,145.71
Transfer,Current,2022-09-12 13:34:03,2022-09-12 13:34:03,Revolut Bank UAB,10.00,0.00,EUR,COMPLETED,155.71
Transfer,Current,2022-09-14 14:07:27,2022-09-14 14:07:27,Revolut Bank UAB,-40.00,0.00,EUR,COMPLETED,115.71
Transfer,Current,2022-09-29 16:18:43,2022-09-29 16:18:47,Revolut Bank UAB,70.00,0.00,EUR,COMPLETED,185.71
Card Payment,Current,2022-10-03 02:09:33,,Grab,-0.05,0.00,EUR,REVERTED,
Deposit,Current,2022-10-04 13:26:09,2022-10-04 13:26:09,Payment from M  FAUCOMPRET REMI,1.00,0.00,EUR,COMPLETED,186.71
Transfer,Current,2022-10-04 13:38:20,2022-10-04 13:38:20,Revolut Bank UAB,150.00,0.00,EUR,COMPLETED,336.71
Deposit,Current,2022-10-04 14:25:40,2022-10-04 14:25:40,Payment from M  FAUCOMPRET REMI,200.00,0.00,EUR,COMPLETED,536.71
Transfer,Current,2022-10-04 14:30:59,2022-10-04 14:30:59,Revolut Bank UAB,-150.00,0.00,EUR,COMPLETED,386.71
ATM,Current,2022-10-03 12:27:25,2022-10-04 20:57:56,Cash withdrawal at Pgd Ly Nam De,-130.56,0.00,EUR,COMPLETED,256.15
ATM,Current,2022-10-04 15:57:27,2022-10-05 19:35:47,Cash withdrawal at Acb Atm Pgd Dong Da,-126.87,1.15,EUR,COMPLETED,128.13
Card Payment,Current,2022-10-08 08:23:39,,Grab,-0.72,0.01,EUR,REVERTED,
Deposit,Current,2022-10-08 15:44:36,2022-10-08 15:44:37,Payment from M  FAUCOMPRET REMI,200.00,0.00,EUR,COMPLETED,328.13
Card Payment,Current,2022-10-08 08:23:46,2022-10-08 22:28:09,Grab,-12.07,0.12,EUR,COMPLETED,315.94
ATM,Current,2022-10-10 05:16:41,,Cash withdrawal at 100000002004118,-85.50,0.00,EUR,REVERTED,
Deposit,Current,2022-10-10 08:01:28,2022-10-10 08:01:28,Payment from M  FAUCOMPRET REMI,300.00,0.00,EUR,COMPLETED,615.94
Card Payment,Current,2022-10-06 10:14:08,2022-10-10 20:50:00,The Press Club,-28.37,0.00,EUR,COMPLETED,587.57
Card Payment,Current,2022-10-07 15:22:41,2022-10-10 21:07:30,Kfc,-4.82,0.00,EUR,COMPLETED,582.75
Card Payment,Current,2022-10-09 10:05:10,2022-10-11 17:09:08,Grab,-15.67,0.16,EUR,COMPLETED,566.92
Card Payment,Current,2022-10-07 08:59:49,2022-10-11 17:41:03,Mirabelle Company,-35.82,0.00,EUR,COMPLETED,531.10
Card Payment,Current,2022-10-08 11:58:35,2022-10-12 11:24:02,IJOOZ,-1.44,0.01,EUR,COMPLETED,529.65
Card Payment,Current,2022-10-07 12:14:55,2022-10-12 11:32:40,Nguyen Thi Thu Trang,-40.67,0.00,EUR,COMPLETED,488.98
Card Payment,Current,2022-10-16 09:47:21,2022-10-17 18:20:57,Pacific Ip Servi,-17.87,0.18,EUR,COMPLETED,470.93
Transfer,Current,2022-10-25 09:50:49,2022-10-25 09:50:49,Revolut Bank UAB,113.00,0.00,EUR,COMPLETED,583.93
Transfer,Current,2022-11-18 13:22:00,2022-11-18 13:22:00,Revolut Bank UAB,-55.00,0.00,EUR,COMPLETED,528.93
Transfer,Current,2022-11-20 19:30:07,2022-11-20 19:30:07,Revolut Bank UAB,-18.00,0.00,EUR,COMPLETED,510.93
Transfer,Current,2022-11-25 12:21:17,2022-11-25 12:21:18,Revolut Bank UAB,4.00,0.00,EUR,COMPLETED,514.93
Transfer,Current,2022-12-17 15:17:13,2022-12-17 15:17:13,Revolut Bank UAB,7.00,0.00,EUR,COMPLETED,521.93
Transfer,Current,2022-12-17 18:05:58,2022-12-17 18:05:58,Revolut Bank UAB,3.00,0.00,EUR,COMPLETED,524.93
Transfer,Current,2022-12-23 13:46:03,2022-12-23 13:46:06,To Remi Faucompret,-100.00,0.00,EUR,COMPLETED,424.93
Transfer,Current,2022-12-23 13:51:30,2022-12-23 13:51:34,To Remi Faucompret,-200.00,0.00,EUR,COMPLETED,224.93
Transfer,Current,2022-12-24 20:38:11,2022-12-24 20:38:11,Revolut Bank UAB,-102.50,0.00,EUR,COMPLETED,122.43
Transfer,Current,2022-12-25 23:37:55,2022-12-25 23:37:55,Revolut Bank UAB,65.00,0.00,EUR,COMPLETED,187.43
Transfer,Current,2022-12-30 12:28:08,2022-12-30 12:28:08,"Revolut France, succursale de Revolut Bank UAB",17.60,0.00,EUR,COMPLETED,205.03
Transfer,Current,2022-12-31 13:11:01,2022-12-31 13:11:01,"Revolut France, succursale de Revolut Bank UAB",-5.00,0.00,EUR,COMPLETED,200.03
